[
  {
    "id": 1,
    "nom": "Cabinet Eureka Montpellier",
    "adresse": "3 Rue de la Merci",
    "code_postal": "34000",
    "ville": "MONTPELLIER",
    "telephone": "04 67 60 75 00",
    "lat": 43.6112,
    "lng": 3.8745,
    "specialites": ["Cadres", "Dirigeants", "Tertiaire"]
  },
  {
    "id": 2,
    "nom": "Florian Mantione Institut",
    "adresse": "15 Rue Foch",
    "code_postal": "34000",
    "ville": "MONTPELLIER",
    "telephone": "04 67 60 64 64",
    "lat": 43.6098,
    "lng": 3.8789,
    "specialites": ["Cadres", "Direction", "Conseil"]
  },
  {
    "id": 3,
    "nom": "Le Carré RH",
    "adresse": "55 Avenue Georges Clemenceau",
    "code_postal": "34000",
    "ville": "MONTPELLIER",
    "telephone": "04 67 91 03 03",
    "lat": 43.6145,
    "lng": 3.8656,
    "specialites": ["Cadres", "Tertiaire", "Industrie"]
  },
  {
    "id": 4,
    "nom": "Les Colettes Recrutement",
    "adresse": "1 Rue Aristide Ollivier",
    "code_postal": "34000",
    "ville": "MONTPELLIER",
    "telephone": "04 67 06 98 98",
    "lat": 43.6078,
    "lng": 3.8823,
    "specialites": ["Tertiaire", "Finance", "Commercial"]
  },
  {
    "id": 5,
    "nom": "Carrières et Trajectoires",
    "adresse": "140 Rue André Michel",
    "code_postal": "34000",
    "ville": "MONTPELLIER",
    "telephone": "04 67 92 90 90",
    "lat": 43.6034,
    "lng": 3.9012,
    "specialites": ["Cadres", "Généraliste"]
  },
  {
    "id": 6,
    "nom": "Lynx RH Montpellier",
    "adresse": "221 Rue de la Croix de Lavit",
    "code_postal": "34000",
    "ville": "MONTPELLIER",
    "telephone": "04 67 75 90 90",
    "lat": 43.5989,
    "lng": 3.8567,
    "specialites": ["IT", "Ingénierie", "Finance"]
  },
  {
    "id": 7,
    "nom": "Work&You Montpellier",
    "adresse": "Place Paul Bec",
    "code_postal": "34000",
    "ville": "MONTPELLIER",
    "telephone": "04 99 61 36 36",
    "lat": 43.6056,
    "lng": 3.8934,
    "specialites": ["IT", "Digital", "Tertiaire"]
  },
  {
    "id": 8,
    "nom": "OpenSourcing Montpellier",
    "adresse": "45 Avenue du Pirée",
    "code_postal": "34000",
    "ville": "MONTPELLIER",
    "telephone": "04 67 69 45 45",
    "lat": 43.5945,
    "lng": 3.8978,
    "specialites": ["IT", "Digital", "Tech"]
  },
  {
    "id": 9,
    "nom": "Expectra Montpellier",
    "adresse": "451 Rue de la Croix Verte",
    "code_postal": "34000",
    "ville": "MONTPELLIER",
    "telephone": "04 67 69 30 00",
    "lat": 43.6178,
    "lng": 3.9089,
    "specialites": ["Cadres", "Tertiaire", "Industrie"]
  },
  {
    "id": 10,
    "nom": "Page Personnel Montpellier",
    "adresse": "285 Rue de la Croix Verte",
    "code_postal": "34000",
    "ville": "MONTPELLIER",
    "telephone": "04 67 22 66 00",
    "lat": 43.6156,
    "lng": 3.9067,
    "specialites": ["Tertiaire", "Commercial", "Finance"]
  },
  {
    "id": 11,
    "nom": "Fed Finance Montpellier",
    "adresse": "523 Rond Point de l'Europe",
    "code_postal": "34000",
    "ville": "MONTPELLIER",
    "telephone": "04 67 69 78 78",
    "lat": 43.6123,
    "lng": 3.9145,
    "specialites": ["Finance", "Comptabilité", "Banque"]
  },
  {
    "id": 12,
    "nom": "Talents Commerciaux",
    "adresse": "77 Rue Rondelet",
    "code_postal": "34000",
    "ville": "MONTPELLIER",
    "telephone": "04 67 60 82 82",
    "lat": 43.6045,
    "lng": 3.8712,
    "specialites": ["Commercial", "Vente", "Marketing"]
  },
  {
    "id": 13,
    "nom": "Approach People Recrutement",
    "adresse": "280 Rue du Thor",
    "code_postal": "34000",
    "ville": "MONTPELLIER",
    "telephone": "04 67 99 67 67",
    "lat": 43.5967,
    "lng": 3.8945,
    "specialites": ["Cadres", "Ingénierie", "Santé"]
  },
  {
    "id": 14,
    "nom": "Potentiel Humain",
    "adresse": "4 Rue Sœur Jean Arlabosse",
    "code_postal": "34000",
    "ville": "MONTPELLIER",
    "telephone": "04 67 52 19 19",
    "lat": 43.6189,
    "lng": 3.8623,
    "specialites": ["Cadres", "Direction", "Conseil"]
  },
  {
    "id": 15,
    "nom": "RH Partners Montpellier",
    "adresse": "2001 Avenue de la Mer",
    "code_postal": "34000",
    "ville": "MONTPELLIER",
    "telephone": "04 67 13 24 24",
    "lat": 43.5923,
    "lng": 3.8534,
    "specialites": ["Cadres", "Dirigeants", "Management"]
  },
  {
    "id": 16,
    "nom": "Alphea Conseil Montpellier",
    "adresse": "113 Rue Tronchet",
    "code_postal": "34000",
    "ville": "MONTPELLIER",
    "telephone": "04 67 06 56 56",
    "lat": 43.6067,
    "lng": 3.8567,
    "specialites": ["Retail", "Distribution", "Commerce"]
  },
  {
    "id": 17,
    "nom": "Spring Professional",
    "adresse": "Place Ernest Granier",
    "code_postal": "34000",
    "ville": "MONTPELLIER",
    "telephone": "04 99 13 08 08",
    "lat": 43.6089,
    "lng": 3.8912,
    "specialites": ["Cadres", "IT", "Finance"]
  },
  {
    "id": 18,
    "nom": "Cadremploi Conseil",
    "adresse": "95 Rue de la Méditerranée",
    "code_postal": "34000",
    "ville": "MONTPELLIER",
    "telephone": "04 67 64 55 55",
    "lat": 43.6134,
    "lng": 3.8978,
    "specialites": ["Cadres", "Généraliste"]
  },
  {
    "id": 19,
    "nom": "Altévia Conseil",
    "adresse": "350 Rue du Mas de Verchant",
    "code_postal": "34000",
    "ville": "MONTPELLIER",
    "telephone": "04 67 20 84 84",
    "lat": 43.6201,
    "lng": 3.9123,
    "specialites": ["Transition", "Management", "Coaching"]
  },
  {
    "id": 20,
    "nom": "Consenso Conseil",
    "adresse": "165 Rue de l'Industrie",
    "code_postal": "34000",
    "ville": "MONTPELLIER",
    "telephone": "04 67 58 91 91",
    "lat": 43.5978,
    "lng": 3.8756,
    "specialites": ["PME", "ETI", "Direction"]
  }
]
